{
  "system_info": {
    "platform": "Windows-10-10.0.19045-SP0",
    "python": "3.13.3",
    "cpu": "Intel64 Family 6 Model 142 Stepping 9, GenuineIntel",
    "cpu_count": 4,
    "memory_gb": "Unknown"
  },
  "results": {
    "add_chain": {
      "name": "add_chain",
      "mean_time": 1.8195808499585837,
      "std_time": 0.160981287694885,
      "min_time": 1.6916831000708044,
      "max_time": 2.2494276000652462,
      "median_time": 1.795169049873948,
      "samples": 10,
      "iterations_per_sample": 100,
      "total_iterations": 1000,
      "operations_per_second": 54.957711828125774,
      "memory_usage_mb": null,
      "tag_distribution": {},
      "metadata": {
        "function": "add_chain",
        "args_length": 1
      }
    },
    "mul_chain": {
      "name": "mul_chain",
      "mean_time": 1.824963179975748,
      "std_time": 0.07106154530174386,
      "min_time": 1.7525382998865098,
      "max_time": 1.9844487998634577,
      "median_time": 1.8011628499953076,
      "samples": 10,
      "iterations_per_sample": 100,
      "total_iterations": 1000,
      "operations_per_second": 54.795626069194945,
      "memory_usage_mb": null,
      "tag_distribution": {},
      "metadata": {
        "function": "mul_chain",
        "args_length": 1
      }
    },
    "mixed_ops": {
      "name": "mixed_ops",
      "mean_time": 2.3721651400439443,
      "std_time": 1.1302380761947632,
      "min_time": 1.4150710999965668,
      "max_time": 4.879943700041622,
      "median_time": 1.9575686999596655,
      "samples": 10,
      "iterations_per_sample": 100,
      "total_iterations": 1000,
      "operations_per_second": 42.15558112372712,
      "memory_usage_mb": null,
      "tag_distribution": {},
      "metadata": {
        "function": "mixed_ops",
        "args_length": 1
      }
    }
  }
}